brand,title,price
Rory Dobner,Majestic mug -Cancer,119.00₾
Rory Dobner,Majestic mug -Aries,119.00₾
Rory Dobner,Majestic mug -Pisces,119.00₾
Rory Dobner,Majestic mug -Libra,119.00₾
Rory Dobner,Majestic mug -Taurus,119.00₾
Rory Dobner,Majestic mug -Leo,119.00₾
Rory Dobner,Majestic mug -Virgo,119.00₾
Rory Dobner,Majestic mug -Gemini,119.00₾
Rory Dobner,Majestic mug -Scorpio,119.00₾
Pols Potten,Vase head upside down,314.00₾
Pols Potten,Side plate Grandpa set 4,342.00₾
Pols Potten,Tea set Legacy gold set 4,522.00₾
Pols Potten,Tumbler peony multicolour (6 pcs),413.00₾
Pols Potten,Tea set Grandpa set 4,550.00₾
Pols Potten,Tumbler library (6 pcs),413.00₾
Kerion,mental,80.00₾
Kerion,mental,80.00₾
Kerion,physical female,120.00₾
Abrams and Chronicle Books,Star Spinner Tarot,103.00₾
Abrams and Chronicle Books,Game of Thrones Tarot,103.00₾
Abrams and Chronicle Books,90s Bingo,94.00₾
Abrams and Chronicle Books,Spark Creativity,52.00₾
Abrams and Chronicle Books,Spark Adventure,52.00₾
Abrams and Chronicle Books,On-the-Go Amusements: 50 Great Things to Do Outside,38.00₾
Abrams and Chronicle Books,Spark Passion,57.00₾
Abrams and Chronicle Books,Spark Gratitude,57.00₾
Abrams and Chronicle Books,After Dinner Amusements: Name That Tune,38.00₾
Abrams and Chronicle Books,On-the-Go Amusements: 50 Fun Things to Do on a Plane,38.00₾
Abrams and Chronicle Books,Spark Family Fun,52.00₾
Abrams and Chronicle Books,The Healing Yoga Deck,71.00₾
Abrams and Chronicle Books,The Future is Yours Shaped Notecard Port,57.00₾
Abrams and Chronicle Books,Andy Warhol Pop Art Notecard Set,71.00₾
Abrams and Chronicle Books,It's Just Mercury in Retrograde,66.00₾
Abrams and Chronicle Books,Posi Vibes Fortune-Telling Dice,80.00₾
Abrams and Chronicle Books,Spark Balance,57.00₾
Abrams and Chronicle Books,On-the-Go Amusements: 50 Cool Things to Do in the Car,38.00₾
Abrams and Chronicle Books,All Hail the Queen,86.00₾
Abrams and Chronicle Books,Go Forth,56.00₾
Abrams and Chronicle Books,52 Awesome Things to Try Once in Your Life,33.00₾
Abrams and Chronicle Books,Date Night Dice,71.00₾
Abrams and Chronicle Books,After Dinner Amusements: Riddle Me This,38.00₾
Abrams and Chronicle Books,To Don`t List Project Planning,53.00₾
Abrams and Chronicle Books,Beyond Design,65.00₾
Abrams and Chronicle Books,Find Your Spark,56.00₾
Abrams and Chronicle Books,Everyday Offerings,58.00₾
m.greengrass,Hand Crafted Bourbon,165.60₾
m.greengrass,Tabac Noire,165.60₾
m.greengrass,Place des Epices,165.60₾
m.greengrass,Apres Ski,165.60₾
m.greengrass,Northern Lights,165.60₾
m.greengrass,Exotic Orchid,165.60₾
m.greengrass,Black Tea & Vanilla,165.60₾
m.greengrass,Malibu Surfer,165.60₾
m.greengrass,Manhattan Beach,165.60₾
Lomography,LOMOGRAPHY B&W ISO 13/35MM Babylon KINO FILM,84.00₾
Lomography,LOMOGRAPHY B&W ISO 8/35MM FANTOME KINO FILM,84.00₾
Lomography,Lomography B&W 100 35mm Potsdam Kino Film,77.00₾
Lomography,Lomography B&W 400 35mm Berlin Kino Film,84.00₾
Lomography,Lomography 400/36 LomoChrome 2019,102.00₾
Jelly Cat,Cordy Roy Baby Fox,88.00₾
Erbaviva,BABY SHAMPOO,83.70₾
Jelly Cat,Party Bunny,79.00₾
Abrams and Chronicle Books,The Arcana of Astrology Boxed Set,126.00₾
Erbaviva,SNIFFLES BABY CHEST BALM,90.90₾
Flight 001,"RUBBER TAG ""HAPPY HOUR""",23.00₾
Erbaviva,Organic Baby Oil,90.90₾
Katie Leamon,Gold Pencil Pack,38.00₾
Abrams and Chronicle Books,After Dinner Amusements: What Is Love?,41.00₾
Jelly Cat,Bashful Cream Bunny Soother,85.00₾
Jelly Cat,Bashful Blue Bunny Booties,85.00₾
Abrams and Chronicle Books,Spark Romance,52.00₾
Pols Potten,Moneybox Bunny bum gold,245.00₾
Abrams and Chronicle Books,Mindful String Games,68.00₾
Jelly Cat,If I were a Unicorn Book,54.00₾
Jelly Cat,When I am Big Book,60.00₾
Lomography,Diana F+ Package - Cortina,450.00₾
Jelly Cat,Dancing Darcey Alligator,92.00₾
Erbaviva,Baby Lotion,90.90₾
Erbaviva,BABY BODY WASH,83.70₾
Abrams and Chronicle Books,Tattoo Tarot Journal,58.00₾
Raawii,Strøm - small jug,384.25₾
Jelly Cat,Lola Wingaling,180.00₾
Jelly Cat,Cordy Roy Baby Fox Soother,71.00₾
Raawii,Strøm small,230.55₾
Buyers Store,Superhero Selfie Kit,18.00₾
Abrams and Chronicle Books,Dangerous Experiments for After Dinner,79.00₾
Jelly Cat,Star Bunny Blue Musical Pull,119.00₾
Katie Leamon,Kin Wrap Set,19.00₾
Jelly Cat,Star Bunny Pink Musical Pull,119.00₾
Raawii,Strøm large  bow,384.25₾
Thumbs UP,Cat Bluetooth Speaker,69.00₾
Jelly Cat,Shimmer Santa Medium,112.00₾
Jelly Cat,Skye Starfish,131.00₾
Jelly Cat,Star Bunny Blue Rattle,60.00₾
Jelly Cat,Star Bunny Pink Rattle,60.00₾
Jelly Cat,Bashful Unicorn Small,66.00₾
Abrams and Chronicle Books,Dream Decoder,77.00₾
Jelly Cat,Bashful Cream Bunny Large,131.00₾
Raawii,Strøm - small jug,461.10₾
Jelly Cat,Bashful Unicorn Grabber,62.00₾
Jelly Cat,The Birthday Party Book,54.00₾
Jelly Cat,Bashful Pink Bunny Star Musical Pull,106.00₾
Abrams and Chronicle Books,Yoga Deck,63.00₾
Rory Dobner,Majestic mug -Sagittarius,119.00₾
Jelly Cat,Bashful Blue Bunny Star Musical Pull,106.00₾
The School of Life,The Buddhists,65.00₾
Katie Leamon,2PK Confetti Wrap Set,19.00₾
Lomography,Fuji Instax Mini Film 2-pack,166.00₾
Rory Dobner,Majestic mug -Aquarius,119.00₾
Katie Leamon,Luxury Pocket Notecard Set - Painted Polka & Zig Zag,39.00₾
Raawii,Strøm small,230.55₾
Jelly Cat,Bashful Bunny Pair Of Muslins,82.00₾
Abrams and Chronicle Books,After Dinner Amusements: Girls Night In,38.00₾
Lomography,Diana Mini & Flash Package - Mote rosa,450.00₾
Pols Potten,Bubbles & bottles chic mix XXL set4,"2,042.00₾"
Abrams and Chronicle Books,Knock Knock You Are Magic Inner-Truth Deck,50.00₾
Pols Potten,Stool pill woven gold,"1,048.00₾"
Lomography,Diana Mini & Flash - Picnic,450.00₾
Erbaviva,Baby Cream,83.70₾
Katie Leamon,2PK Zig & Zag Wrap Set,19.00₾
Jelly Cat,Electra Plume,180.00₾
Katie Leamon,Card B&W Painted Polka Dot,13.00₾
Abrams and Chronicle Books,On-the-Go Amusements: 50 Sweet Things to Do on a Date,38.00₾
Katie Leamon,"Marble Vol II Tags, 4 pack",15.00₾
Katie Leamon,Dark Pink 2H Pencil Pack,38.00₾
Abrams and Chronicle Books,Sex and The City,57.00₾
